{"close":{"26":3568.1379,"27":3572.3662,"28":3558.2795,"29":3561.7623,"30":3546.9362,"31":3591.7087,"32":3592.1666,"33":3568.1668,"34":3536.2944,"35":3602.2184,"36":3582.8307,"37":3613.0673,"38":3642.2204,"39":3628.4897,"40":3613.9663,"41":3607.0922,"42":3656.2232,"43":3662.6015,"44":3715.3723,"45":3703.1103,"46":3693.1296,"47":3675.1865,"48":3676.5866,"49":3621.8593,"50":3581.7344,"51":3597.0426,"52":3567.1008,"53":3543.9402,"54":3528.1512,"55":3522.1567,"56":3501.6643,"57":3540.3837,"58":3514.471,"59":3477.1321,"60":3427.3338,"61":3465.5546,"62":3485.2859,"63":3446.976,"64":3517.3447,"65":3516.2989,"66":3524.7374,"67":3532.6213,"68":3529.9309,"69":3494.6348,"70":3458.2277,"71":3466.5491,"72":3477.2186,"73":3447.9914,"74":3464.2854,"75":3397.3574,"76":3411.724,"77":3361.5895,"78":3381.1833,"79":3467.4409},"AR":{"26":93.1483336444,"27":92.257663138,"28":85.3191440549,"29":87.5460760784,"30":74.9991007025,"31":73.9836245082,"32":71.2517939706,"33":75.7916588785,"34":61.7647660751,"35":71.8881633772,"36":67.5048529245,"37":64.9140668535,"38":68.097437132,"39":75.0271466495,"40":76.6000437295,"41":77.1083643499,"42":76.9269604113,"43":70.626021386,"44":76.434304971,"45":84.9446024852,"46":89.9824911933,"47":87.1476607096,"48":96.5547664913,"49":103.2167315147,"50":98.7633186565,"51":99.1661117818,"52":105.9704732161,"53":103.3610474277,"54":99.4101632743,"55":105.5340842106,"56":110.3431891573,"57":112.9015886667,"58":127.5864488083,"59":130.1883388017,"60":134.2038371636,"61":124.0685778772,"62":146.1773253609,"63":135.1084794972,"64":139.9763720107,"65":129.2236675475,"66":131.5249381513,"67":148.5261297904,"68":152.2646459032,"69":183.642523801,"70":169.9633616536,"71":167.1205736478,"72":170.0382630293,"73":170.9454705102,"74":170.6563212979,"75":151.6689209998,"76":156.1347706461,"77":141.4096862819,"78":122.2874995749,"79":100.8958314293},"BR":{"26":58.4649214707,"27":61.082107179,"28":68.8181996978,"29":75.6764519761,"30":71.336746489,"31":90.4468074246,"32":85.6558426304,"33":73.823509468,"34":76.4234835104,"35":120.1686932192,"36":113.9310437529,"37":141.610263761,"38":157.9249868132,"39":119.4452308597,"40":117.7979731914,"41":121.6277089225,"42":129.9339378354,"43":156.1554578536,"44":196.8858372097,"45":152.8277758942,"46":118.7787861148,"47":116.9032355457,"48":112.3677334287,"49":84.1160618997,"50":78.7251263949,"51":79.8756830452,"52":77.6424164042,"53":68.3365518247,"54":67.5723938314,"55":67.0979994839,"56":68.4033713614,"57":61.6331004603,"58":53.6460327969,"59":50.1697843093,"60":44.7967132552,"61":41.5718258466,"62":40.3041492347,"63":34.7149937413,"64":40.2785914874,"65":47.9335558469,"66":55.4832581594,"67":49.9755842109,"68":35.9493768425,"69":22.1310013501,"70":12.0300307811,"71":14.4098602668,"72":16.7725949784,"73":15.7133113683,"74":16.3509895246,"75":15.4801162575,"76":18.9215440946,"77":13.5038178441,"78":29.6576892426,"79":55.7943563426},"trade_date":{"26":"20211018","27":"20211015","28":"20211014","29":"20211013","30":"20211012","31":"20211011","32":"20211008","33":"20210930","34":"20210929","35":"20210928","36":"20210927","37":"20210924","38":"20210923","39":"20210922","40":"20210917","41":"20210916","42":"20210915","43":"20210914","44":"20210913","45":"20210910","46":"20210909","47":"20210908","48":"20210907","49":"20210906","50":"20210903","51":"20210902","52":"20210901","53":"20210831","54":"20210830","55":"20210827","56":"20210826","57":"20210825","58":"20210824","59":"20210823","60":"20210820","61":"20210819","62":"20210818","63":"20210817","64":"20210816","65":"20210813","66":"20210812","67":"20210811","68":"20210810","69":"20210809","70":"20210806","71":"20210805","72":"20210804","73":"20210803","74":"20210802","75":"20210730","76":"20210729","77":"20210728","78":"20210727","79":"20210726"}}